No,Year,Cropping_system,Treatment,Fertilizer_type,Fertilizer,Rate,Site,Bloc,TAcy,Brix,Firmness,Berry_weight,Yield,Flower_stem,Flower,Flower_per_stem,Fruit_stem,Fruit,Fruit_per_stem,Fruit_set,Planting
1,2014,Conventiol,N0,21-0-0,N,0,45,1,,,,1.41,42.36,193,796,4.124,129,172,1.339,0.22,1999
2,2014,Conventiol,N0,21-0-0,N,0,45,2,,,,1.35,37.01,235,925,3.936,121,201,1.657,0.22,1999
3,2015,Conventiol,N0,21-0-0,N,0,45,1,,,,1.37,19.26,92,365,3.967,70,95,1.35,0.26,1999
4,2015,Conventiol,N0,21-0-0,N,0,45,2,,,,1.33,12.74,61,241,3.975,53,97,1.848,0.4,1999
5,2016,Conventiol,N0,21-0-0,N,0,45,1,46,8.58,5.62,1.327,23.654,,,,,,,,1999
6,2016,Conventiol,N0,21-0-0,N,0,45,2,46.5,7.92,5.689,1.301,21.797,,,,,,,,1999
7,2017,Conventiol,N0,21-0-0,N,0,45,1,,,5.452,1.438,5.153,,,,,,,,1999
8,2017,Conventiol,N0,21-0-0,N,0,45,2,,,5.452,1.037,2.479,,,,,,,,1999
9,2014,Conventiol,N15,21-0-0,N,15,45,1,,,,1.5,50.81,164,611,3.726,157,272,1.735,0.44,1999
10,2014,Conventiol,N15,21-0-0,N,15,45,2,,,,1.55,31.28,180,631,3.506,130,293,2.263,0.46,1999
11,2015,Conventiol,N15,21-0-0,N,15,45,1,,,,1.62,30.68,110,410,3.74,82,136,1.652,0.33,1999
12,2015,Conventiol,N15,21-0-0,N,15,45,2,,,,1.58,31.84,117,425,3.632,98,193,1.974,0.45,1999
13,2016,Conventiol,N15,21-0-0,N,15,45,1,47.5,8.8,5.402,1.527,17.868,,,,,,,,1999
14,2016,Conventiol,N15,21-0-0,N,15,45,2,41,8.14,5.447,1.468,30.247,,,,,,,,1999
15,2017,Conventiol,N15,21-0-0,N,15,45,1,,,5.064,1.022,3.873,,,,,,,,1999
16,2017,Conventiol,N15,21-0-0,N,15,45,2,,,5.212,1.416,5.154,,,,,,,,1999
17,2014,Conventiol,N30,21-0-0,N,30,45,1,,,,1.52,59.67,248,1056,4.258,139,273,1.96,0.26,1999
18,2014,Conventiol,N30,21-0-0,N,30,45,2,,,,1.62,37.18,186,695,3.737,137,315,2.304,0.45,1999
19,2015,Conventiol,N30,21-0-0,N,30,45,1,,,,1.67,35.9,106,441,4.175,141,234,1.656,0.53,1999
20,2015,Conventiol,N30,21-0-0,N,30,45,2,,,,1.95,36.16,120,441,3.686,90,189,2.112,0.43,1999
21,2016,Conventiol,N30,21-0-0,N,30,45,1,35,7.7,5.324,1.562,57.183,,,,,,,,1999
22,2016,Conventiol,N30,21-0-0,N,30,45,2,45.5,8.58,5.761,1.567,32.534,,,,,,,,1999
23,2017,Conventiol,N30,21-0-0,N,30,45,1,,,5.107,1.315,11.291,,,,,,,,1999
24,2017,Conventiol,N30,21-0-0,N,30,45,2,,,5.207,1.478,14.06,,,,,,,,1999
25,2014,Conventiol,N45,21-0-0,N,45,45,1,,,,1.52,65.02,232,879,3.789,150,323,2.161,0.37,1999
26,2014,Conventiol,N45,21-0-0,N,45,45,2,,,,1.57,39.44,151,455,3.013,146,280,1.924,0.62,1999
27,2015,Conventiol,N45,21-0-0,N,45,45,1,,,,1.58,38.54,136,571,4.21,82,164,2,0.29,1999
28,2015,Conventiol,N45,21-0-0,N,45,45,2,,,,2.09,31.15,105,371,3.545,82,178,2.171,0.48,1999
29,2016,Conventiol,N45,21-0-0,N,45,45,1,36,7.26,4.881,1.387,49.245,,,,,,,,1999
30,2016,Conventiol,N45,21-0-0,N,45,45,2,32.5,7.7,5.479,1.436,38.185,,,,,,,,1999
31,2017,Conventiol,N45,21-0-0,N,45,45,1,,,4.913,0.957,9.01,,,,,,,,1999
32,2017,Conventiol,N45,21-0-0,N,45,45,2,,,5.107,1.406,4.996,,,,,,,,1999
33,2014,Conventiol,N60,21-0-0,N,60,45,1,,,,1.45,63.97,89,314,3.528,101,244,2.428,0.78,1999
34,2014,Conventiol,N60,21-0-0,N,60,45,2,,,,1.52,47.93,190,636,3.347,184,452,2.463,0.71,1999
35,2015,Conventiol,N60,21-0-0,N,60,45,1,,,,1.78,51.03,157,697,4.454,125,253,2.024,0.36,1999
36,2015,Conventiol,N60,21-0-0,N,60,45,2,,,,1.82,34.54,103,405,3.927,81,178,2.211,0.44,1999
37,2016,Conventiol,N60,21-0-0,N,60,45,1,36.5,7.48,4.867,1.324,46.096,,,,,,,,1999
38,2016,Conventiol,N60,21-0-0,N,60,45,2,26,6.82,5.26,1.345,43.083,,,,,,,,1999
39,2017,Conventiol,N60,21-0-0,N,60,45,1,,,4.741,1.043,6.366,,,,,,,,1999
40,2017,Conventiol,N60,21-0-0,N,60,45,2,,,4.529,1.358,3.194,,,,,,,,1999
41,2014,Conventiol,P0,0-46-0,P,0,45,1,,,,1.52,61.21,171,668,3.906,130,324,2.492,0.49,1999
42,2014,Conventiol,P0,0-46-0,P,0,45,2,,,,1.56,61.49,161,578,3.59,132,281,2.129,0.49,1999
43,2015,Conventiol,P0,0-46-0,P,0,45,1,,,,1.68,41.21,120,582,4.87,105,207,1.976,0.35,1999
44,2015,Conventiol,P0,0-46-0,P,0,45,2,,,,1.72,35.12,97,382,3.933,102,235,2.315,0.62,1999
45,2016,Conventiol,P0,0-46-0,P,0,45,1,43,7.7,5.651,1.424,54.196,,,,,,,,1999
46,2016,Conventiol,P0,0-46-0,P,0,45,2,35,7.7,5.193,1.5,49.568,,,,,,,,1999
47,2017,Conventiol,P0,0-46-0,P,0,45,1,,,5.037,1.369,20.07,,,,,,,,1999
48,2017,Conventiol,P0,0-46-0,P,0,45,2,,,5.164,1.345,8.963,,,,,,,,1999
49,2014,Conventiol,P15,0-46-0,P,15,45,1,,,,1.49,65.38,227,950,4.185,139,336,2.426,0.35,1999
50,2014,Conventiol,P15,0-46-0,P,15,45,2,,,,1.56,58,242,899,3.715,174,391,2.244,0.43,1999
51,2015,Conventiol,P15,0-46-0,P,15,45,1,,,,1.71,41.39,87,355,4.08,116,252,2.168,0.71,1999
52,2015,Conventiol,P15,0-46-0,P,15,45,2,,,,1.77,31.86,99,347,3.518,71,157,2.22,0.45,1999
53,2016,Conventiol,P15,0-46-0,P,15,45,1,35,7.7,5.558,1.491,44.428,,,,,,,,1999
54,2016,Conventiol,P15,0-46-0,P,15,45,2,37,7.7,5.311,1.448,39.584,,,,,,,,1999
55,2017,Conventiol,P15,0-46-0,P,15,45,1,,,5.327,1.223,13.225,,,,,,,,1999
56,2017,Conventiol,P15,0-46-0,P,15,45,2,,,5.052,1.399,5.12,,,,,,,,1999
57,2014,Conventiol,P30,0-46-0,P,30,45,1,,,,1.56,71.42,133,601,4.519,158,367,2.327,0.61,1999
58,2014,Conventiol,P30,0-46-0,P,30,45,2,,,,1.47,55.64,138,601,4.355,202,453,2.248,0.75,1999
59,2015,Conventiol,P30,0-46-0,P,30,45,1,,,,1.71,47.04,122,492,4.045,54,108,2,0.22,1999
60,2015,Conventiol,P30,0-46-0,P,30,45,2,,,,1.91,30.25,72,257,3.587,61,128,2.098,0.5,1999
61,2016,Conventiol,P30,0-46-0,P,30,45,1,31.5,7.37,5.304,1.376,50.375,,,,,,,,1999
62,2016,Conventiol,P30,0-46-0,P,30,45,2,31.5,7.7,5.357,1.184,35.871,,,,,,,,1999
63,2017,Conventiol,P30,0-46-0,P,30,45,1,,,5.359,1.284,13.07,,,,,,,,1999
64,2017,Conventiol,P30,0-46-0,P,30,45,2,,,5.052,0.988,5.492,,,,,,,,1999
65,2014,Conventiol,K0,0-0-50,K,0,45,1,,,,1.44,61.82,177,726,4.102,132,280,2.121,0.39,1999
66,2014,Conventiol,K0,0-0-50,K,0,45,2,,,,1.48,54.39,190,673,3.542,131,280,2.134,0.42,1999
67,2015,Conventiol,K0,0-0-50,K,0,45,1,,,,1.55,50.39,113,474,4.213,102,197,1.931,0.42,1999
68,2015,Conventiol,K0,0-0-50,K,0,45,2,,,,1.59,26.88,113,402,3.553,64,167,2.63,0.42,1999
69,2016,Conventiol,K0,0-0-50,K,0,45,1,33.5,7.37,5.1,1.476,54.035,,,,,,,,1999
70,2016,Conventiol,K0,0-0-50,K,0,45,2,30.5,7.26,4.734,1.313,40.082,,,,,,,,1999
71,2017,Conventiol,K0,0-0-50,K,0,45,1,,,5.328,1.358,14.487,,,,,,,,1999
72,2017,Conventiol,K0,0-0-50,K,0,45,2,,,5.276,1.193,6.789,,,,,,,,1999
73,2014,Conventiol,K40,0-0-50,K,40,45,1,,,,1.49,64.26,220,847,3.85,114,268,2.351,0.32,1999
74,2014,Conventiol,K40,0-0-50,K,40,45,2,,,,1.45,40.34,168,607,3.613,126,291,2.315,0.48,1999
75,2015,Conventiol,K40,0-0-50,K,40,45,1,,,,1.58,39.16,134,578,4.313,96,179,1.874,0.31,1999
76,2015,Conventiol,K40,0-0-50,K,40,45,2,,,,1.79,32.07,84,302,3.595,97,209,2.166,0.69,1999
77,2016,Conventiol,K40,0-0-50,K,40,45,1,29.5,7.59,4.43,1.366,42.195,,,,,,,,1999
78,2016,Conventiol,K40,0-0-50,K,40,45,2,43.5,8.58,5.641,1.503,34.256,,,,,,,,1999
79,2017,Conventiol,K40,0-0-50,K,40,45,1,,,4.907,1.176,8.547,,,,,,,,1999
80,2017,Conventiol,K40,0-0-50,K,40,45,2,,,5.301,1.442,5.79,,,,,,,,1999
81,2014,Conventiol,K80,0-0-50,K,80,45,1,,,,1.51,65.68,223,959,4.3,125,260,2.076,0.27,1999
82,2014,Conventiol,K80,0-0-50,K,80,45,2,,,,1.54,40.66,180,631,3.506,166,363,2.187,0.58,1999
83,2015,Conventiol,K80,0-0-50,K,80,45,1,,,,1.83,43.01,115,478,4.157,84,153,1.832,0.32,1999
84,2015,Conventiol,K80,0-0-50,K,80,45,2,,,,1.88,33.3,136,513,3.768,88,201,2.278,0.39,1999
85,2016,Conventiol,K80,0-0-50,K,80,45,1,37,7.92,5.544,1.451,42.033,,,,,,,,1999
86,2016,Conventiol,K80,0-0-50,K,80,45,2,32,7.59,5.034,1.491,43.352,,,,,,,,1999
87,2017,Conventiol,K80,0-0-50,K,80,45,1,,,4.771,1.214,8.316,,,,,,,,1999
88,2017,Conventiol,K80,0-0-50,K,80,45,2,,,4.979,1.262,10.771,,,,,,,,1999
89,2014,Conventiol,K120,0-0-50,K,120,45,1,,,,1.54,56.98,169,686,4.059,128,301,2.352,0.44,1999
90,2014,Conventiol,K120,0-0-50,K,120,45,2,,,,1.45,60.18,153,617,4.033,175,389,2.223,0.63,1999
91,2015,Conventiol,K120,0-0-50,K,120,45,1,,,,1.74,53.66,137,592,4.321,102,208,2.039,0.35,1999
92,2015,Conventiol,K120,0-0-50,K,120,45,2,,,,1.72,24.5,106,404,3.807,91,177,1.956,0.44,1999
93,2016,Conventiol,K120,0-0-50,K,120,45,1,34,7.37,5.246,1.445,58.932,,,,,,,,1999
94,2016,Conventiol,K120,0-0-50,K,120,45,2,34,7.92,5.252,1.346,35.79,,,,,,,,1999
95,2017,Conventiol,K120,0-0-50,K,120,45,1,,,5.225,1.312,14.389,,,,,,,,1999
96,2017,Conventiol,K120,0-0-50,K,120,45,2,,,5.202,1.287,4.617,,,,,,,,1999
97,2014,Conventiol,B0,0-0-0-21,B,0,45,1,,,,1.46,53.14,149,586,3.933,119,256,2.156,0.44,1999
98,2014,Conventiol,B0,0-0-0-21,B,0,45,2,,,,1.56,54.62,153,583,3.81,181,408,2.254,0.7,1999
99,2015,Conventiol,B0,0-0-0-21,B,0,45,1,,,,1.67,31.97,126,502,3.984,90,178,1.978,0.35,1999
100,2015,Conventiol,B0,0-0-0-21,B,0,45,2,,,,1.64,46.63,110,444,4.055,99,228,2.315,0.51,1999
101,2016,Conventiol,B0,0-0-0-21,B,0,45,1,36.5,7.92,5.175,1.22,34.525,,,,,,,,1999
102,2016,Conventiol,B0,0-0-0-21,B,0,45,2,39,7.7,5.516,1.551,44.267,,,,,,,,1999
103,2017,Conventiol,B0,0-0-0-21,B,0,45,1,,,4.562,0.893,6.223,,,,,,,,1999
104,2017,Conventiol,B0,0-0-0-21,B,0,45,2,,,4.923,1.279,16.528,,,,,,,,1999
105,2014,Conventiol,B1,0-0-0-21,B,1,45,1,,,,1.51,68.29,165,636,3.855,132,302,2.293,0.47,1999
106,2014,Conventiol,B1,0-0-0-21,B,1,45,2,,,,1.48,43.42,207,687,3.319,146,326,2.241,0.47,1999
107,2015,Conventiol,B1,0-0-0-21,B,1,45,1,,,,1.7,48.31,82,325,3.988,117,236,2.021,0.72,1999
108,2015,Conventiol,B1,0-0-0-21,B,1,45,2,,,,1.64,39,82,325,3.988,104,232,2.231,0.71,1999
109,2016,Conventiol,B1,0-0-0-21,B,1,45,1,31.5,7.48,5.213,1.394,40.149,,,,,,,,1999
110,2016,Conventiol,B1,0-0-0-21,B,1,45,2,36,7.26,5.245,1.547,49.46,,,,,,,,1999
111,2017,Conventiol,B1,0-0-0-21,B,1,45,1,,,4.936,1.384,15.796,,,,,,,,1999
112,2017,Conventiol,B1,0-0-0-21,B,1,45,2,,,5.302,1.396,5.381,,,,,,,,1999
113,2014,Conventiol,Cu0,CuSO4,Cu,0,45,1,,,,1.45,66.19,222,799,3.599,146,331,2.275,0.41,1999
114,2014,Conventiol,Cu0,CuSO4,Cu,0,45,2,,,,1.56,58.5,133,469,3.526,180,399,2.22,0.85,1999
115,2015,Conventiol,Cu0,CuSO4,Cu,0,45,1,,,,1.43,44.18,124,496,4.012,100,191,1.905,0.38,1999
116,2015,Conventiol,Cu0,CuSO4,Cu,0,45,2,,,,1.69,26.5,104,377,3.625,81,171,2.124,0.45,1999
117,2016,Conventiol,Cu0,CuSO4,Cu,0,45,1,29.5,7.59,4.661,1.374,40.176,,,,,,,,1999
118,2016,Conventiol,Cu0,CuSO4,Cu,0,45,2,34,7.59,5.231,1.338,41.656,,,,,,,,1999
119,2017,Conventiol,Cu0,CuSO4,Cu,0,45,1,,,5.186,1.181,9.034,,,,,,,,1999
120,2017,Conventiol,Cu0,CuSO4,Cu,0,45,2,,,4.91,1.249,6.878,,,,,,,,1999
121,2014,Conventiol,Cu2,CuSO4,Cu,2,45,1,,,,1.5,70.56,221,826,3.738,136,306,2.258,0.37,1999
122,2014,Conventiol,Cu2,CuSO4,Cu,2,45,2,,,,1.47,43.96,175,651,3.72,153,305,1.997,0.47,1999
123,2015,Conventiol,Cu2,CuSO4,Cu,2,45,1,,,,1.76,30.66,151,614,4.063,110,213,1.936,0.35,1999
124,2015,Conventiol,Cu2,CuSO4,Cu,2,45,2,,,,1.73,34.9,99,391,3.97,99,215,2.178,0.55,1999
125,2016,Conventiol,Cu2,CuSO4,Cu,2,45,1,38.5,7.92,5.241,1.408,42.867,,,,,,,,1999
126,2016,Conventiol,Cu2,CuSO4,Cu,2,45,2,29,7.7,5.42,1.437,38.992,,,,,,,,1999
127,2017,Conventiol,Cu2,CuSO4,Cu,2,45,1,,,4.833,1.114,6.069,,,,,,,,1999
128,2017,Conventiol,Cu2,CuSO4,Cu,2,45,2,,,4.794,1.267,4.942,,,,,,,,1999
129,2014,Conventiol,Mg0,0-0-0-11,Mg,0,45,1,,,,1.53,60.28,157,651,4.146,133,262,1.977,0.4,1999
130,2014,Conventiol,Mg0,0-0-0-11,Mg,0,45,2,,,,1.43,56.54,209,721,3.45,154,346,2.254,0.48,1999
131,2015,Conventiol,Mg0,0-0-0-11,Mg,0,45,1,,,,1.7,45.41,109,482,4.442,95,182,1.916,0.38,1999
132,2015,Conventiol,Mg0,0-0-0-11,Mg,0,45,2,,,,1.6,34.58,88,342,3.881,89,191,2.153,0.56,1999
133,2016,Conventiol,Mg0,0-0-0-11,Mg,0,45,1,37,7.7,5.507,1.489,52.878,,,,,,,,1999
134,2016,Conventiol,Mg0,0-0-0-11,Mg,0,45,2,33,7.48,5.758,1.412,41.253,,,,,,,,1999
135,2017,Conventiol,Mg0,0-0-0-11,Mg,0,45,1,,,5.174,1.247,12.407,,,,,,,,1999
136,2017,Conventiol,Mg0,0-0-0-11,Mg,0,45,2,,,5.056,1.229,8.153,,,,,,,,1999
137,2014,Conventiol,Mg12,0-0-0-11,Mg,12,45,1,,,,1.42,71.44,179,755,4.218,129,267,2.07,0.35,1999
138,2014,Conventiol,Mg12,0-0-0-11,Mg,12,45,2,,,,1.54,51.71,218,892,4.092,194,418,2.158,0.47,1999
139,2015,Conventiol,Mg12,0-0-0-11,Mg,12,45,1,,,,1.68,47.17,97,385,3.99,123,226,1.837,0.59,1999
140,2015,Conventiol,Mg12,0-0-0-11,Mg,12,45,2,,,,1.68,29.68,94,353,3.775,92,185,2.022,0.52,1999
141,2016,Conventiol,Mg12,0-0-0-11,Mg,12,45,1,37,7.59,5.453,1.639,56.914,,,,,,,,1999
142,2016,Conventiol,Mg12,0-0-0-11,Mg,12,45,2,34.5,7.7,5.228,1.38,38.616,,,,,,,,1999
143,2017,Conventiol,Mg12,0-0-0-11,Mg,12,45,1,,,4.933,1.345,17.714,,,,,,,,1999
144,2017,Conventiol,Mg12,0-0-0-11,Mg,12,45,2,,,4.975,1.409,6.367,,,,,,,,1999
145,2014,Conventiol,N0,21-0-0,N,0,10,1,,,,1.36,19.46,129,509,3.946,73,121,1.658,0.24,2007
146,2014,Conventiol,N0,21-0-0,N,0,10,2,,,,1.37,12.98,131,432,3.298,109,211,1.936,0.49,2007
147,2015,Conventiol,N0,21-0-0,N,0,10,1,,,,1.26,7.19,102,447,4.38,54,61,1.14,0.14,2007
148,2015,Conventiol,N0,21-0-0,N,0,10,2,,,,1.19,17.37,54,208,3.85,56,79,1.41,0.38,2007
149,2016,Conventiol,N0,21-0-0,N,0,10,1,44.5,8.14,5.639,1.011,7.077,,,,,,,,2007
150,2016,Conventiol,N0,21-0-0,N,0,10,2,44.5,8.14,4.932,1.072,2.449,,,,,,,,2007
151,2014,Conventiol,N15,21-0-0,N,15,10,1,,,,1.69,39.12,131,481,3.672,112,223,1.991,0.46,2007
152,2014,Conventiol,N15,21-0-0,N,15,10,2,,,,1.65,21.1,167,662,3.964,150,293,1.953,0.44,2007
153,2015,Conventiol,N15,21-0-0,N,15,10,1,,,,1.51,16.27,122,525,4.3,75,108,1.43,0.2,2007
154,2015,Conventiol,N15,21-0-0,N,15,10,2,,,,1.48,6.45,81,286,3.52,61,100,1.638,0.35,2007
155,2016,Conventiol,N15,21-0-0,N,15,10,1,45,8.36,5.598,1.606,23.815,,,,,,,,2007
156,2016,Conventiol,N15,21-0-0,N,15,10,2,45.5,8.14,5.801,1.662,23.6,,,,,,,,2007
157,2014,Conventiol,N30,21-0-0,N,30,10,1,,,,1.61,41.84,119,457,3.84,86,182,2.116,0.4,2007
158,2014,Conventiol,N30,21-0-0,N,30,10,2,,,,1.68,26.87,175,686,3.92,146,291,1.993,0.42,2007
159,2015,Conventiol,N30,21-0-0,N,30,10,1,,,,1.6,24.6,149,654,4.39,85,136,1.6,0.21,2007
160,2015,Conventiol,N30,21-0-0,N,30,10,2,,,,1.62,18.87,60,243,4.02,62,121,1.929,0.5,2007
161,2016,Conventiol,N30,21-0-0,N,30,10,1,32.5,7.92,5.273,1.553,34.256,,,,,,,,2007
162,2016,Conventiol,N30,21-0-0,N,30,10,2,28.5,7.7,5.68,1.629,30.812,,,,,,,,2007
163,2014,Conventiol,N45,21-0-0,N,45,10,1,,,,1.57,41.93,107,367,3.43,72,180,2.5,0.49,2007
164,2014,Conventiol,N45,21-0-0,N,45,10,2,,,,1.62,36.62,158,671,4.247,168,343,2.042,0.51,2007
165,2015,Conventiol,N45,21-0-0,N,45,10,1,,,,1.72,34.24,108,468,4.33,86,158,1.83,0.34,2007
166,2015,Conventiol,N45,21-0-0,N,45,10,2,,,,1.64,26.08,99,396,4,94,194,2.061,0.49,2007
167,2016,Conventiol,N45,21-0-0,N,45,10,1,23,7.7,4.456,1.458,38.696,,,,,,,,2007
168,2016,Conventiol,N45,21-0-0,N,45,10,2,31,7.92,5.55,1.584,26.237,,,,,,,,2007
169,2014,Conventiol,N60,21-0-0,N,60,10,1,,,,1.64,45.99,101,378,3.743,58,198,3.414,0.52,2007
170,2014,Conventiol,N60,21-0-0,N,60,10,2,,,,1.73,38.2,219,919,4.196,143,354,2.476,0.39,2007
171,2015,Conventiol,N60,21-0-0,N,60,10,1,,,,1.75,49.71,130,621,4.78,115,270,2.35,0.43,2007
172,2015,Conventiol,N60,21-0-0,N,60,10,2,,,,1.69,20.09,93,350,3.76,65,140,2.151,0.4,2007
173,2016,Conventiol,N60,21-0-0,N,60,10,1,25,7.48,4.933,1.578,52.259,,,,,,,,2007
174,2016,Conventiol,N60,21-0-0,N,60,10,2,24.5,7.92,4.737,1.607,44.939,,,,,,,,2007
175,2014,Conventiol,P0,0-46-0,P,0,10,1,,,,1.66,40.11,85,358,4.212,83,156,1.88,0.44,2007
176,2014,Conventiol,P0,0-46-0,P,0,10,2,,,,1.61,36.24,183,661,3.612,114,269,2.36,0.41,2007
177,2015,Conventiol,P0,0-46-0,P,0,10,1,,,,1.73,34.13,133,552,4.15,97,184,1.9,0.33,2007
178,2015,Conventiol,P0,0-46-0,P,0,10,2,,,,1.73,42.34,92,346,3.76,95,184,1.943,0.53,2007
179,2014,Conventiol,P15,0-46-0,P,15,10,1,,,,1.52,42.01,122,458,3.754,95,141,1.484,0.31,2007
180,2014,Conventiol,P15,0-46-0,P,15,10,2,,,,1.71,41.71,187,741,3.963,113,267,2.363,0.36,2007
181,2015,Conventiol,P15,0-46-0,P,15,10,1,,,,1.67,28.34,116,512,4.41,115,226,1.96,0.44,2007
182,2015,Conventiol,P15,0-46-0,P,15,10,2,,,,1.75,33.07,96,374,3.9,97,195,2.002,0.52,2007
183,2014,Conventiol,P30,0-46-0,P,30,10,1,,,,1.47,43.62,130,516,3.969,82,199,2.427,0.39,2007
184,2014,Conventiol,P30,0-46-0,P,30,10,2,,,,1.72,40.57,163,622,3.816,152,331,2.178,0.53,2007
185,2015,Conventiol,P30,0-46-0,P,30,10,1,,,,1.76,42.16,103,408,3.96,88,176,2,0.43,2007
186,2015,Conventiol,P30,0-46-0,P,30,10,2,,,,1.71,35.32,112,435,3.9,90,190,2.11,0.44,2007
187,2014,Conventiol,K0,0-0-50,K,0,10,1,,,,1.67,47.47,100,357,3.57,101,226,2.238,0.63,2007
188,2014,Conventiol,K0,0-0-50,K,0,10,2,,,,1.77,29.98,198,817,4.126,100,248,2.48,0.3,2007
189,2015,Conventiol,K0,0-0-50,K,0,10,1,,,,1.47,18.62,58,224,3.86,83,147,1.78,0.66,2007
190,2015,Conventiol,K0,0-0-50,K,0,10,2,,,,1.67,48.63,87,309,3.55,83,171,2.052,0.55,2007
191,2016,Conventiol,K0,0-0-50,K,0,10,1,24,8.14,4.885,1.431,38.077,,,,,,,,2007
192,2016,Conventiol,K0,0-0-50,K,0,10,2,34.5,7.92,5.341,1.696,26.452,,,,,,,,2007
193,2014,Conventiol,K40,0-0-50,K,40,10,1,,,,1.74,48.06,112,358,3.196,93,202,2.172,0.56,2007
194,2014,Conventiol,K40,0-0-50,K,40,10,2,,,,1.6,28.39,175,650,3.714,125,279,2.232,0.43,2007
195,2015,Conventiol,K40,0-0-50,K,40,10,1,,,,1.68,43.9,135,624,4.62,97,194,1.99,0.31,2007
196,2015,Conventiol,K40,0-0-50,K,40,10,2,,,,1.81,34,104,386,3.71,84,167,2,0.43,2007
197,2016,Conventiol,K40,0-0-50,K,40,10,1,31.5,7.7,5.141,1.684,44.67,,,,,,,,2007
198,2016,Conventiol,K40,0-0-50,K,40,10,2,25,7.92,5.263,1.742,36.839,,,,,,,,2007
199,2014,Conventiol,K80,0-0-50,K,80,10,1,,,,1.68,54.88,95,288,3.032,82,185,2.256,0.64,2007
200,2014,Conventiol,K80,0-0-50,K,80,10,2,,,,1.69,34,157,756,4.815,138,352,2.551,0.47,2007
201,2015,Conventiol,K80,0-0-50,K,80,10,1,,,,1.62,23.93,121,447,3.69,107,189,1.76,0.42,2007
202,2015,Conventiol,K80,0-0-50,K,80,10,2,,,,1.75,45.13,81,309,3.79,90,186,2.058,0.6,2007
203,2016,Conventiol,K80,0-0-50,K,80,10,1,26,7.59,5.567,1.573,37.835,,,,,,,,2007
204,2016,Conventiol,K80,0-0-50,K,80,10,2,33,7.7,5.753,1.887,35.682,,,,,,,,2007
205,2014,Conventiol,K120,0-0-50,K,120,10,1,,,,1.69,47.73,126,447,3.548,104,196,1.885,0.44,2007
206,2014,Conventiol,K120,0-0-50,K,120,10,2,,,,1.74,42,177,666,3.763,101,286,2.832,0.43,2007
207,2015,Conventiol,K120,0-0-50,K,120,10,1,,,,1.78,37.62,159,771,4.85,117,235,2,0.3,2007
208,2015,Conventiol,K120,0-0-50,K,120,10,2,,,,1.67,47.78,90,326,3.62,114,247,2.159,0.76,2007
209,2016,Conventiol,K120,0-0-50,K,120,10,1,31.5,7.92,5.164,1.789,53.698,,,,,,,,2007
210,2016,Conventiol,K120,0-0-50,K,120,10,2,27,7.59,5.453,1.756,36.624,,,,,,,,2007
211,2014,Conventiol,B0,0-0-0-21,B,0,10,1,,,,1.71,38.81,144,547,3.799,61,157,2.574,0.29,2007
212,2014,Conventiol,B0,0-0-0-21,B,0,10,2,,,,1.8,28.16,123,482,3.919,155,339,2.187,0.7,2007
213,2015,Conventiol,B0,0-0-0-21,B,0,10,1,,,,1.64,39.72,128,513,4,113,203,1.79,0.4,2007
214,2015,Conventiol,B0,0-0-0-21,B,0,10,2,,,,1.6,42.74,104,422,4.06,84,167,1.986,0.39,2007
215,2014,Conventiol,B1,0-0-0-21,B,1,10,1,,,,1.74,50.62,85,311,3.659,103,214,2.078,0.69,2007
216,2014,Conventiol,B1,0-0-0-21,B,1,10,2,,,,1.74,30.5,125,502,4.016,128,248,1.938,0.49,2007
217,2015,Conventiol,B1,0-0-0-21,B,1,10,1,,,,1.8,29.87,79,314,3.97,102,185,1.81,0.59,2007
218,2015,Conventiol,B1,0-0-0-21,B,1,10,2,,,,1.67,46.19,81,328,4.02,98,228,2.316,0.7,2007
219,2014,Conventiol,Cu0,CuSO4,Cu,0,10,1,,,,1.6,45.8,94,328,3.489,72,147,2.042,0.45,2007
220,2014,Conventiol,Cu0,CuSO4,Cu,0,10,2,,,,1.66,45.26,188,797,4.239,105,269,2.562,0.34,2007
221,2015,Conventiol,Cu0,CuSO4,Cu,0,10,1,,,,1.57,27.27,63,215,3.41,66,123,1.87,0.57,2007
222,2015,Conventiol,Cu0,CuSO4,Cu,0,10,2,,,,1.74,25.28,74,278,3.76,106,241,2.276,0.87,2007
223,2014,Conventiol,Cu2,CuSO4,Cu,2,10,1,,,,1.63,44.61,102,354,3.471,115,290,2.522,0.82,2007
224,2014,Conventiol,Cu2,CuSO4,Cu,2,10,2,,,,1.82,28,163,637,3.908,152,296,1.947,0.46,2007
225,2015,Conventiol,Cu2,CuSO4,Cu,2,10,1,,,,1.62,47.4,119,553,4.65,115,201,1.75,0.36,2007
226,2015,Conventiol,Cu2,CuSO4,Cu,2,10,2,,,,1.7,23.42,115,442,3.84,105,217,2.06,0.49,2007
227,2014,Conventiol,Mg0,0-0-0-11,Mg,0,10,1,,,,1.74,54.61,106,356,3.358,101,209,2.069,0.59,2007
228,2014,Conventiol,Mg0,0-0-0-11,Mg,0,10,2,,,,1.7,25.96,174,709,4.075,137,362,2.642,0.51,2007
229,2015,Conventiol,Mg0,0-0-0-11,Mg,0,10,1,,,,1.76,39.05,140,711,5.08,110,220,2,0.31,2007
230,2015,Conventiol,Mg0,0-0-0-11,Mg,0,10,2,,,,1.56,15.56,85,312,3.66,90,209,2.31,0.67,2007
231,2014,Conventiol,Mg12,0-0-0-11,Mg,12,10,1,,,,1.7,48.29,134,482,3.597,115,233,2.026,0.48,2007
232,2014,Conventiol,Mg12,0-0-0-11,Mg,12,10,2,,,,1.66,26.04,144,578,4.014,139,298,2.144,0.52,2007
233,2015,Conventiol,Mg12,0-0-0-11,Mg,12,10,1,,,,1.68,31.29,115,498,4.33,117,246,2.09,0.49,2007
234,2015,Conventiol,Mg12,0-0-0-11,Mg,12,10,2,,,,1.7,34,90,335,3.72,71,146,2.065,0.44,2007
235,2016,Organic,N0 6-1-1,6-1-1,N,0,10,1,34.5,8.58,5.549,1.393,30.381,,,,,,,,2007
236,2016,Organic,N0 6-1-1,6-1-1,N,0,10,2,35.5,8.58,5.325,1.486,20.586,,,,,,,,2007
237,2016,Organic,N15 6-1-1,6-1-1,N,15,10,1,34,8.36,5.96,1.571,28.901,,,,,,,,2007
238,2016,Organic,N15 6-1-1,6-1-1,N,15,10,2,35.5,7.7,5.804,1.443,21.232,,,,,,,,2007
239,2016,Organic,N30 6-1-1,6-1-1,N,30,10,1,28,7.81,5.388,1.438,40.069,,,,,,,,2007
240,2016,Organic,N30 6-1-1,6-1-1,N,30,10,2,35,7.7,5.73,1.911,33.503,,,,,,,,2007
241,2016,Organic,N45 6-1-1,6-1-1,N,45,10,1,29.5,8.14,5.228,1.527,37.647,,,,,,,,2007
242,2016,Organic,N45 6-1-1,6-1-1,N,45,10,2,28.5,7.59,5.551,1.511,24.569,,,,,,,,2007
243,2016,Organic,N60 6-1-1,6-1-1,N,60,10,1,21,7.92,5.264,1.25,29.843,,,,,,,,2007
244,2016,Organic,N60 6-1-1,6-1-1,N,60,10,2,23,7.92,5.163,1.481,23.196,,,,,,,,2007
245,2016,Conventiol,S0,0-0-0-90,S,0,10,1,27.5,7.59,5.085,1.373,39.396,,,,,,,,2007
246,2016,Conventiol,S0,0-0-0-90,S,0,10,2,28.5,7.92,5.909,1.605,27.879,,,,,,,,2007
247,2016,Conventiol,S250,0-0-0-90,S,250,10,1,24.5,7.92,4.699,1.387,43.271,,,,,,,,2007
248,2016,Conventiol,S250,0-0-0-90,S,250,10,2,32,7.92,5.65,1.911,33.503,,,,,,,,2007
249,2016,Conventiol,S500,0-0-0-90,S,500,10,1,23.5,8.14,5.879,1.662,29.063,,,,,,,,2007
250,2016,Conventiol,S500,0-0-0-90,S,500,10,2,27,8.36,5.303,1.605,45.747,,,,,,,,2007
251,2016,Conventiol,S1000,0-0-0-90,S,1000,10,1,26,7.92,5.411,1.582,52.77,,,,,,,,2007
252,2016,Conventiol,S1000,0-0-0-90,S,1000,10,2,22.5,7.48,4.246,1.65,27.959,,,,,,,,2007
253,2014,Conventiol,N0,21-0-0,N,0,9,1,,,,1.52,25.55,114,483,4.237,98,139,1.421,0.29,1995
254,2014,Conventiol,N0,21-0-0,N,0,9,2,,,,1.5,33.64,164,661,4.03,181,356,1.964,0.54,1995
255,2015,Conventiol,N0,21-0-0,N,0,9,1,,,,1.49,21.23,121,463,3.826,106,148,1.398,0.32,1995
256,2015,Conventiol,N0,21-0-0,N,0,9,2,,,,1.46,14.35,71,270,3.803,58,106,1.828,0.39,1995
257,2016,Conventiol,N0,21-0-0,N,0,9,1,45.5,7.7,5.818,1.413,20.559,,,,,,,,1995
258,2016,Conventiol,N0,21-0-0,N,0,9,2,42,7.92,5.427,1.353,22.819,,,,,,,,1995
259,2017,Conventiol,N0,21-0-0,N,0,9,1,,,,0.998,2.573,,,,,,,,1995
260,2017,Conventiol,N0,21-0-0,N,0,9,2,,,,1.138,1.104,,,,,,,,1995
261,2014,Conventiol,N15,21-0-0,N,15,9,1,,,,1.5,41,139,445,3.201,95,160,1.693,0.36,1995
262,2014,Conventiol,N15,21-0-0,N,15,9,2,,,,1.55,43.66,186,823,4.425,175,341,1.954,0.41,1995
263,2015,Conventiol,N15,21-0-0,N,15,9,1,,,,1.66,19.93,114,467,4.115,92,138,1.503,0.29,1995
264,2015,Conventiol,N15,21-0-0,N,15,9,2,,,,1.58,21.07,75,286,3.839,67,137,2.037,0.48,1995
265,2016,Conventiol,N15,21-0-0,N,15,9,1,42,7.7,5.835,1.592,36.92,,,,,,,,1995
266,2016,Conventiol,N15,21-0-0,N,15,9,2,38.5,6.82,5.856,1.601,50.779,,,,,,,,1995
267,2017,Conventiol,N15,21-0-0,N,15,9,1,,,,1.279,2.32,,,,,,,,1995
268,2017,Conventiol,N15,21-0-0,N,15,9,2,,,,1.302,3.039,,,,,,,,1995
269,2014,Conventiol,N30,21-0-0,N,30,9,1,,,,1.52,58.81,127,499,3.929,132,217,1.644,0.43,1995
270,2014,Conventiol,N30,21-0-0,N,30,9,2,,,,1.62,39.32,130,569,4.377,132,241,1.833,0.42,1995
271,2015,Conventiol,N30,21-0-0,N,30,9,1,,,,1.79,24.3,122,495,4.074,112,197,1.754,0.4,1995
272,2015,Conventiol,N30,21-0-0,N,30,9,2,,,,1.7,23.31,90,334,3.706,73,141,1.938,0.42,1995
273,2016,Conventiol,N30,21-0-0,N,30,9,1,31.5,7.26,5.413,1.569,69.965,,,,,,,,1995
274,2016,Conventiol,N30,21-0-0,N,30,9,2,32.5,7.59,5.656,1.583,50.671,,,,,,,,1995
275,2017,Conventiol,N30,21-0-0,N,30,9,1,,,,1.451,3.327,,,,,,,,1995
276,2017,Conventiol,N30,21-0-0,N,30,9,2,,,,1.261,1.094,,,,,,,,1995
277,2014,Conventiol,N45,21-0-0,N,45,9,1,,,,1.52,58.7,125,512,4.096,121,225,1.86,0.44,1995
278,2014,Conventiol,N45,21-0-0,N,45,9,2,,,,1.57,40.36,170,671,3.947,152,337,2.217,0.5,1995
279,2015,Conventiol,N45,21-0-0,N,45,9,1,,,,1.92,42.99,145,626,4.332,120,214,1.783,0.34,1995
280,2015,Conventiol,N45,21-0-0,N,45,9,2,,,,1.68,41.15,105,421,4.01,101,226,2.233,0.54,1995
281,2016,Conventiol,N45,21-0-0,N,45,9,1,29.5,7.26,5.514,1.497,44.859,,,,,,,,1995
282,2016,Conventiol,N45,21-0-0,N,45,9,2,28.5,7.26,4.942,1.456,44.051,,,,,,,,1995
283,2017,Conventiol,N45,21-0-0,N,45,9,1,,,,1.4,7.994,,,,,,,,1995
284,2017,Conventiol,N45,21-0-0,N,45,9,2,,,,1.376,2.148,,,,,,,,1995
285,2014,Conventiol,N60,21-0-0,N,60,9,1,,,,1.45,54.45,125,620,4.96,132,246,1.871,0.4,1995
286,2014,Conventiol,N60,21-0-0,N,60,9,2,,,,1.52,58.58,204,842,4.127,152,376,2.479,0.45,1995
287,2015,Conventiol,N60,21-0-0,N,60,9,1,,,,1.82,25.47,114,483,4.237,114,194,1.697,0.4,1995
288,2015,Conventiol,N60,21-0-0,N,60,9,2,,,,1.73,32.35,150,551,3.67,99,216,2.182,0.39,1995
289,2016,Conventiol,N60,21-0-0,N,60,9,1,31,7.48,5.58,1.564,51.182,,,,,,,,1995
290,2016,Conventiol,N60,21-0-0,N,60,9,2,28,7.48,4.571,1.474,50.779,,,,,,,,1995
291,2017,Conventiol,N60,21-0-0,N,60,9,1,,,,1.376,2.148,,,,,,,,1995
292,2017,Conventiol,N60,21-0-0,N,60,9,2,,,,1.46,1.698,,,,,,,,1995
293,2014,Conventiol,P0,0-46-0,P,0,9,1,,,,1.52,52.68,138,589,4.268,176,407,2.31,0.69,1995
294,2014,Conventiol,P0,0-46-0,P,0,9,2,,,,1.56,35.77,203,817,4.025,116,234,2.017,0.29,1995
295,2015,Conventiol,P0,0-46-0,P,0,9,1,,,,1.77,41.97,113,462,4.084,119,193,1.629,0.42,1995
296,2015,Conventiol,P0,0-46-0,P,0,9,2,,,,1.86,23.68,102,382,3.745,80,161,2.019,0.42,1995
297,2014,Conventiol,P15,0-46-0,P,15,9,1,,,,1.49,45.57,175,716,4.091,135,264,1.952,0.37,1995
298,2014,Conventiol,P15,0-46-0,P,15,9,2,,,,1.56,55.74,190,835,4.395,188,388,2.064,0.46,1995
299,2015,Conventiol,P15,0-46-0,P,15,9,1,,,,1.81,35.31,124,523,4.231,100,174,1.744,0.33,1995
300,2015,Conventiol,P15,0-46-0,P,15,9,2,,,,1.81,32.95,92,327,3.549,88,190,2.171,0.58,1995
301,2014,Conventiol,P30,0-46-0,P,30,9,1,,,,1.56,68.42,130,569,4.377,150,337,2.251,0.59,1995
302,2014,Conventiol,P30,0-46-0,P,30,9,2,,,,1.47,51.95,203,790,3.892,184,370,2.016,0.47,1995
303,2015,Conventiol,P30,0-46-0,P,30,9,1,,,,1.86,35.52,99,410,4.157,123,215,1.748,0.53,1995
304,2015,Conventiol,P30,0-46-0,P,30,9,2,,,,1.98,28.39,83,305,3.691,74,156,2.116,0.51,1995
305,2014,Conventiol,K0,0-0-50,K,0,9,1,,,,1.44,44.96,156,732,4.692,121,240,1.988,0.33,1995
306,2014,Conventiol,K0,0-0-50,K,0,9,2,,,,1.48,55.07,168,708,4.214,170,331,1.95,0.47,1995
307,2015,Conventiol,K0,0-0-50,K,0,9,1,,,,1.93,25.61,117,501,4.296,121,196,1.616,0.39,1995
308,2015,Conventiol,K0,0-0-50,K,0,9,2,,,,1.76,28.35,107,369,3.46,87,184,2.109,0.5,1995
309,2016,Conventiol,K0,0-0-50,K,0,9,1,33,7.15,5.626,1.595,47.899,,,,,,,,1995
310,2016,Conventiol,K0,0-0-50,K,0,9,2,25,7.26,5.218,1.438,49.003,,,,,,,,1995
311,2017,Conventiol,K0,0-0-50,K,0,9,1,,,,1.394,1.614,,,,,,,,1995
312,2017,Conventiol,K0,0-0-50,K,0,9,2,,,,1.537,2.117,,,,,,,,1995
313,2014,Conventiol,K40,0-0-50,K,40,9,1,,,,1.49,58.95,105,371,3.533,180,399,2.217,,1995
314,2014,Conventiol,K40,0-0-50,K,40,9,2,,,,1.45,41.25,190,768,4.042,106,240,2.275,0.31,1995
315,2015,Conventiol,K40,0-0-50,K,40,9,1,,,,1.83,45.26,150,716,4.789,118,202,1.715,0.28,1995
316,2015,Conventiol,K40,0-0-50,K,40,9,2,,,,1.87,30.19,97,354,3.668,87,205,2.364,0.58,1995
317,2016,Conventiol,K40,0-0-50,K,40,9,1,35.5,7.26,5.391,1.566,54.761,,,,,,,,1995
318,2016,Conventiol,K40,0-0-50,K,40,9,2,32.5,7.48,5.176,1.517,46.15,,,,,,,,1995
319,2017,Conventiol,K40,0-0-50,K,40,9,1,,,,1.597,4.407,,,,,,,,1995
320,2017,Conventiol,K40,0-0-50,K,40,9,2,,,,1.537,2.117,,,,,,,,1995
321,2014,Conventiol,K80,0-0-50,K,80,9,1,,,,1.51,59.28,143,604,4.224,210,491,2.341,0.81,1995
322,2014,Conventiol,K80,0-0-50,K,80,9,2,,,,1.54,37.85,194,628,3.237,140,282,2.022,0.45,1995
323,2015,Conventiol,K80,0-0-50,K,80,9,1,,,,1.99,38.21,94,400,4.25,137,217,1.59,0.54,1995
324,2015,Conventiol,K80,0-0-50,K,80,9,2,,,,1.75,28.94,91,305,3.352,74,140,1.892,0.46,1995
325,2016,Conventiol,K80,0-0-50,K,80,9,1,33.5,7.7,5.295,1.57,48.976,,,,,,,,1995
326,2016,Conventiol,K80,0-0-50,K,80,9,2,26.5,7.15,5.063,1.648,48.832,,,,,,,,1995
327,2017,Conventiol,K80,0-0-50,K,80,9,1,,,,1.253,4.074,,,,,,,,1995
328,2017,Conventiol,K80,0-0-50,K,80,9,2,,,,1.447,3.479,,,,,,,,1995
329,2014,Conventiol,K120,0-0-50,K,120,9,1,,,,1.54,61.15,175,738,4.217,163,310,1.899,0.42,1995
330,2014,Conventiol,K120,0-0-50,K,120,9,2,,,,1.45,59.7,160,702,4.388,242,500,2.064,0.71,1995
331,2015,Conventiol,K120,0-0-50,K,120,9,1,,,,1.92,30.26,111,446,4.032,98,163,1.667,0.36,1995
332,2015,Conventiol,K120,0-0-50,K,120,9,2,,,,1.9,27.53,92,354,3.869,94,184,1.957,0.52,1995
333,2016,Conventiol,K120,0-0-50,K,120,9,1,32,7.26,5.514,1.536,60.547,,,,,,,,1995
334,2016,Conventiol,K120,0-0-50,K,120,9,2,35,7.48,5.413,1.491,56.78,,,,,,,,1995
335,2017,Conventiol,K120,0-0-50,K,120,9,1,,,,1.592,3.473,,,,,,,,1995
336,2017,Conventiol,K120,0-0-50,K,120,9,2,,,,1.742,1.763,,,,,,,,1995
337,2014,Conventiol,B0,0-0-0-21,B,0,9,1,,,,1.46,57.86,142,561,3.951,104,231,2.232,0.41,1995
338,2014,Conventiol,B0,0-0-0-21,B,0,9,2,,,,1.56,34.88,194,748,3.856,128,297,2.316,0.4,1995
339,2015,Conventiol,B0,0-0-0-21,B,0,9,1,,,,1.74,33.89,137,551,4.018,107,186,1.734,0.34,1995
340,2015,Conventiol,B0,0-0-0-21,B,0,9,2,,,,1.79,35.11,99,371,3.747,70,160,2.279,0.43,1995
341,2014,Conventiol,B1,0-0-0-21,B,1,9,1,,,,1.51,57.59,118,493,4.178,121,194,1.599,0.39,1995
342,2014,Conventiol,B1,0-0-0-21,B,1,9,2,,,,1.48,49.68,169,722,4.272,124,278,2.238,0.38,1995
343,2015,Conventiol,B1,0-0-0-21,B,1,9,1,,,,1.93,33.79,132,594,4.517,86,142,1.655,0.24,1995
344,2015,Conventiol,B1,0-0-0-21,B,1,9,2,,,,1.77,31.14,113,430,3.801,84,192,2.299,0.45,1995
345,2014,Conventiol,Cu0,CuSO4,Cu,0,9,1,,,,1.45,62.11,166,794,4.783,162,316,1.957,0.4,1995
346,2014,Conventiol,Cu0,CuSO4,Cu,0,9,2,,,,1.56,44.64,219,946,4.32,136,273,2.011,0.29,1995
347,2015,Conventiol,Cu0,CuSO4,Cu,0,9,1,,,,1.89,36.52,151,637,4.215,125,220,1.76,0.35,1995
348,2015,Conventiol,Cu0,CuSO4,Cu,0,9,2,,,,1.73,24.14,78,303,3.878,69,142,2.073,0.47,1995
349,2014,Conventiol,Cu2,CuSO4,Cu,2,9,1,,,,1.5,68.86,152,628,4.132,159,356,2.246,0.57,1995
350,2014,Conventiol,Cu2,CuSO4,Cu,2,9,2,,,,1.47,60.41,252,1092,4.333,143,355,2.488,0.32,1995
351,2015,Conventiol,Cu2,CuSO4,Cu,2,9,1,,,,1.84,34.2,116,500,4.325,128,237,1.848,0.47,1995
352,2015,Conventiol,Cu2,CuSO4,Cu,2,9,2,,,,1.71,31.09,122,442,3.619,66,141,2.145,0.32,1995
353,2014,Conventiol,Mg0,0-0-0-11,Mg,0,9,1,,,,1.53,64.08,114,410,3.596,141,294,2.085,0.72,1995
354,2014,Conventiol,Mg0,0-0-0-11,Mg,0,9,2,,,,1.43,52.45,230,980,4.261,199,431,2.166,0.44,1995
355,2015,Conventiol,Mg0,0-0-0-11,Mg,0,9,1,,,,1.71,40.87,108,422,3.907,144,209,1.451,0.5,1995
356,2015,Conventiol,Mg0,0-0-0-11,Mg,0,9,2,,,,1.79,27.2,141,565,4.004,84,181,2.168,0.32,1995
357,2014,Conventiol,Mg12,0-0-0-11,Mg,12,9,1,,,,1.42,55.57,153,607,3.967,125,273,2.18,0.45,1995
358,2014,Conventiol,Mg12,0-0-0-11,Mg,12,9,2,,,,1.54,59.66,216,926,4.287,148,339,2.287,0.37,1995
359,2015,Conventiol,Mg12,0-0-0-11,Mg,12,9,1,,,,1.85,45.72,115,470,4.1,141,259,1.837,0.55,1995
360,2015,Conventiol,Mg12,0-0-0-11,Mg,12,9,2,,,,1.84,31.74,121,451,3.723,73,161,2.205,0.36,1995
361,2016,Conventiol,N0 SCU,24-5-11,N,0,9,1,35.5,7.81,5.497,1.434,44.105,,,,,,,,1995
362,2016,Conventiol,N0 SCU,24-5-11,N,0,9,2,32,7.81,5.328,1.424,34.445,,,,,,,,1995
363,2016,Conventiol,N15 SCU,24-5-11,N,15,9,1,32.5,7.7,5.252,1.509,46.339,,,,,,,,1995
364,2016,Conventiol,N15 SCU,24-5-11,N,15,9,2,32,7.92,4.826,1.464,47.765,,,,,,,,1995
365,2016,Conventiol,N30 SCU,24-5-11,N,30,9,1,27,7.48,5.636,1.517,54.6,,,,,,,,1995
366,2016,Conventiol,N30 SCU,24-5-11,N,30,9,2,26,7.7,5.556,1.42,51.156,,,,,,,,1995
367,2016,Conventiol,N45 SCU,24-5-11,N,45,9,1,29.5,7.26,4.991,1.522,52.985,,,,,,,,1995
368,2016,Conventiol,N45 SCU,24-5-11,N,45,9,2,32.5,7.48,5.336,1.527,57.21,,,,,,,,1995
369,2016,Conventiol,N60 SCU,24-5-11,N,60,9,1,33,6.82,5.367,1.509,60.386,,,,,,,,1995
370,2016,Conventiol,N60 SCU,24-5-11,N,60,9,2,29.5,6.82,5.353,1.512,51.667,,,,,,,,1995
371,2017,Conventiol,N0 SCU,24-5-11,N,0,9,1,,,,1.033,2.193,,,,,,,,1995
372,2017,Conventiol,N0 SCU,24-5-11,N,0,9,2,,,,1.082,2.894,,,,,,,,1995
373,2017,Conventiol,N15 SCU,24-5-11,N,15,9,1,,,,1.416,2.98,,,,,,,,1995
374,2017,Conventiol,N15 SCU,24-5-11,N,15,9,2,,,,1.34,2.942,,,,,,,,1995
375,2017,Conventiol,N30 SCU,24-5-11,N,30,9,1,,,,1.525,2.13,,,,,,,,1995
376,2017,Conventiol,N30 SCU,24-5-11,N,30,9,2,,,,1.527,5.599,,,,,,,,1995
377,2017,Conventiol,N45 SCU,24-5-11,N,45,9,1,,,,1.341,1.879,,,,,,,,1995
378,2017,Conventiol,N45 SCU,24-5-11,N,45,9,2,,,,1.451,7.481,,,,,,,,1995
379,2017,Conventiol,N60 SCU,24-5-11,N,60,9,1,,,,1.326,1.474,,,,,,,,1995
380,2017,Conventiol,N60 SCU,24-5-11,N,60,9,2,,,,1.4,7.445,,,,,,,,1995
381,2016,Conventiol,S0,0-0-0-90,S,0,9,1,27.5,7.26,5.776,1.609,54.062,,,,,,,,1995
382,2016,Conventiol,S0,0-0-0-90,S,0,9,2,26,7.04,5.274,1.498,49.46,,,,,,,,1995
383,2016,Conventiol,S250,0-0-0-90,S,250,9,1,27.5,6.93,5.216,1.517,56.537,,,,,,,,1995
384,2016,Conventiol,S250,0-0-0-90,S,250,9,2,30,7.48,4.826,1.509,62.202,,,,,,,,1995
385,2016,Conventiol,S500,0-0-0-90,S,500,9,1,38,7.26,5.605,1.55,57.103,,,,,,,,1995
386,2016,Conventiol,S500,0-0-0-90,S,500,9,2,25.5,7.26,4.708,1.464,38.616,,,,,,,,1995
387,2016,Conventiol,S1000,0-0-0-90,S,1000,9,1,30,7.48,5.439,1.405,40.741,,,,,,,,1995
388,2016,Conventiol,S1000,0-0-0-90,S,1000,9,2,34,7.92,5.556,1.49,50.671,,,,,,,,1995
389,2017,Conventiol,S0,0-0-0-90,S,0,9,1,,,,1.467,4.809,,,,,,,,1995
390,2017,Conventiol,S0,0-0-0-90,S,0,9,2,,,,1.43,2.877,,,,,,,,1995
391,2017,Conventiol,S250,0-0-0-90,S,250,9,1,,,,1.277,2.461,,,,,,,,1995
392,2017,Conventiol,S250,0-0-0-90,S,250,9,2,,,,1.485,5.553,,,,,,,,1995
393,2017,Conventiol,S500,0-0-0-90,S,500,9,1,,,,1.385,4.59,,,,,,,,1995
394,2017,Conventiol,S500,0-0-0-90,S,500,9,2,,,,2.704,2.134,,,,,,,,1995
395,2017,Conventiol,S1000,0-0-0-90,S,1000,9,1,,,,1.506,2.558,,,,,,,,1995
396,2017,Conventiol,S1000,0-0-0-90,S,1000,9,2,,,,1.574,2.116,,,,,,,,1995
397,2014,Conventiol,N0,21-0-0,N,0,A9,1,,,,1.37,37.12,144,558,3.875,80,134,1.686,0.24,2004
398,2014,Conventiol,N0,21-0-0,N,0,A9,2,,,,1.4,21.72,133,556,4.18,115,230,2.009,0.41,2004
399,2015,Organic,N0 8-0-0,8-0-0,N,0,A9,1,,,,1.34,10.22,33,132,4.06,46,71,1.548,0.54,2004
400,2015,Organic,N0 8-0-0,8-0-0,N,0,A9,2,,,,1.21,9.74,30,112,3.72,38,63,1.677,0.57,2004
401,2016,Organic,N0 6-1-1,6-1-1,N,0,A9,1,42.5,8.69,5.713,1.292,11.356,,,,,,,,2004
402,2016,Organic,N0 6-1-1,6-1-1,N,0,A9,2,33.5,8.14,5.927,1.444,20.344,,,,,,,,2004
403,2017,Organic,N0 6-1-1,6-1-1,N,0,A9,1,38,8.69,5.489,1.108,10.959,,,,,,,,2004
404,2017,Organic,N0 6-1-1,6-1-1,N,0,A9,2,38.5,8.58,5.281,1.124,13.706,,,,,,,,2004
405,2014,Conventiol,N15,21-0-0,N,15,A9,1,,,,1.46,48.79,84,307,3.655,65,131,2.015,0.43,2004
406,2014,Conventiol,N15,21-0-0,N,15,A9,2,,,,1.53,28.83,141,580,4.113,114,255,2.247,0.44,2004
407,2015,Organic,N15 8-0-0,8-0-0,N,15,A9,1,,,,1.61,14.5,46,210,4.6,50,88,1.745,0.42,2004
408,2015,Organic,N15 8-0-0,8-0-0,N,15,A9,2,,,,1.45,13.03,53,195,3.7,42,74,1.755,0.38,2004
409,2016,Organic,N15 6-1-1,6-1-1,N,15,A9,1,40,8.36,5.779,1.59,22.523,,,,,,,,2004
410,2016,Organic,N15 6-1-1,6-1-1,N,15,A9,2,41.5,7.92,5.842,1.452,14.343,,,,,,,,2004
411,2017,Organic,N15 6-1-1,6-1-1,N,15,A9,1,34,8.91,5.769,1.313,17.265,,,,,,,,2004
412,2017,Organic,N15 6-1-1,6-1-1,N,15,A9,2,35,8.91,5.751,1.367,17.069,,,,,,,,2004
413,2014,Conventiol,N30,21-0-0,N,30,A9,1,,,,1.57,55.04,68,207,3.044,70,144,2.065,0.69,2004
414,2014,Conventiol,N30,21-0-0,N,30,A9,2,,,,1.56,38.84,184,710,3.859,111,247,2.225,0.35,2004
415,2015,Organic,N30 8-0-0,8-0-0,N,30,A9,1,,,,1.68,20.27,91,449,4.93,57,119,2.084,0.27,2004
416,2015,Organic,N30 8-0-0,8-0-0,N,30,A9,2,,,,1.78,22.22,73,292,3.99,61,122,1.989,0.42,2004
417,2016,Organic,N30 6-1-1,6-1-1,N,30,A9,1,26.5,8.03,5.505,1.654,37.553,,,,,,,,2004
418,2016,Organic,N30 6-1-1,6-1-1,N,30,A9,2,32.5,7.92,5.589,1.591,25.107,,,,,,,,2004
419,2017,Organic,N30 6-1-1,6-1-1,N,30,A9,1,28,9.13,5.871,1.438,21.256,,,,,,,,2004
420,2017,Organic,N30 6-1-1,6-1-1,N,30,A9,2,30.5,8.58,5.288,1.59,24.732,,,,,,,,2004
421,2014,Conventiol,N45,21-0-0,N,45,A9,1,,,,1.56,59.89,144,547,3.799,76,177,2.329,0.32,2004
422,2014,Conventiol,N45,21-0-0,N,45,A9,2,,,,1.44,39.98,130,509,3.915,100,228,2.286,0.45,2004
423,2015,Organic,N45 8-0-0,8-0-0,N,45,A9,1,,,,1.83,25.47,108,575,5.34,109,212,1.937,0.37,2004
424,2015,Organic,N45 8-0-0,8-0-0,N,45,A9,2,,,,1.45,20,119,458,3.86,92,176,1.916,0.38,2004
425,2016,Organic,N45 6-1-1,6-1-1,N,45,A9,1,19.5,7.26,5.676,1.498,29.52,,,,,,,,2004
426,2016,Organic,N45 6-1-1,6-1-1,N,45,A9,2,22,7.7,5.301,1.544,37.243,,,,,,,,2004
427,2017,Organic,N45 6-1-1,6-1-1,N,45,A9,1,24.5,8.14,5.992,1.465,23.75,,,,,,,,2004
428,2017,Organic,N45 6-1-1,6-1-1,N,45,A9,2,,,5.544,1.571,23.504,,,,,,,,2004
429,2014,Conventiol,N60,21-0-0,N,60,A9,1,,,,1.51,55.8,104,321,3.087,106,229,2.16,0.71,2004
430,2014,Conventiol,N60,21-0-0,N,60,A9,2,,,,1.11,27.45,101,341,3.376,111,270,2.443,0.79,2004
431,2015,Organic,N60 8-0-0,8-0-0,N,60,A9,1,,,,1.62,38.86,94,426,4.53,79,173,2.197,0.41,2004
432,2015,Organic,N60 8-0-0,8-0-0,N,60,A9,2,,,,1.47,29.05,93,366,3.94,68,153,2.251,0.42,2004
433,2016,Organic,N60 6-1-1,6-1-1,N,60,A9,1,21,7.26,5.246,1.413,31.108,,,,,,,,2004
434,2016,Organic,N60 6-1-1,6-1-1,N,60,A9,2,16.5,7.48,5.292,1.392,29.009,,,,,,,,2004
435,2017,Organic,N60 6-1-1,6-1-1,N,60,A9,1,18.5,7.48,5.386,1.447,21.961,,,,,,,,2004
436,2017,Organic,N60 6-1-1,6-1-1,N,60,A9,2,20,8.58,5.386,1.337,25.715,,,,,,,,2004
437,2014,Conventiol,P0,0-46-0,P,0,A9,1,,,,1.5,61,91,338,3.714,75,171,2.28,0.51,2004
438,2014,Conventiol,P0,0-46-0,P,0,A9,2,,,,1.47,50.41,148,537,3.628,177,439,2.477,0.82,2004
439,2015,Organic,P0,0-13-0,P,0,A9,1,,,,1.71,27.9,95,435,4.58,109,201,1.843,0.46,2004
440,2015,Organic,P0,0-13-0,P,0,A9,2,,,,1.52,22.6,82,312,3.8,86,168,1.957,0.54,2004
441,2014,Conventiol,P15,0-46-0,P,15,A9,1,,,,1.51,61.14,95,341,3.589,107,264,2.467,0.77,2004
442,2014,Conventiol,P15,0-46-0,P,15,A9,2,,,,1.57,43.48,152,617,4.059,110,226,2.055,0.37,2004
443,2015,Organic,P15,0-13-0,P,15,A9,1,,,,1.75,41.97,112,515,4.6,147,267,1.811,0.52,2004
444,2015,Organic,P15,0-13-0,P,15,A9,2,,,,1.57,23.93,156,721,4.63,160,294,1.833,0.41,2004
445,2014,Conventiol,P30,0-46-0,P,30,A9,1,,,,1.57,63.74,73,247,3.384,105,229,2.176,0.93,2004
446,2014,Conventiol,P30,0-46-0,P,30,A9,2,,,,1.44,36.15,105,422,4.019,108,258,2.384,0.61,2004
447,2015,Organic,P30,0-13-0,P,30,A9,1,,,,1.86,30.85,92,444,4.82,76,167,2.206,0.38,2004
448,2015,Organic,P30,0-13-0,P,30,A9,2,,,,1.58,26.58,112,443,3.97,96,212,2.206,0.48,2004
449,2014,Conventiol,K0,0-0-50,K,0,A9,1,,,,1.52,58.63,78,266,3.41,83,168,2.03,0.63,2004
450,2014,Conventiol,K0,0-0-50,K,0,A9,2,,,,1.48,33.52,167,700,4.192,117,265,2.27,0.38,2004
451,2015,Organic,K0,0-0-50,K,0,A9,1,,,,1.65,37.09,100,496,4.94,96,180,1.874,0.36,2004
452,2015,Organic,K0,0-0-50,K,0,A9,2,,,,1.55,23.72,93,364,3.89,78,162,2.071,0.45,2004
453,2016,Organic,K0,0-0-50,K,0,A9,1,25,7.7,5.923,1.567,34.619,,,,,,,,2004
454,2016,Organic,K0,0-0-50,K,0,A9,2,16.5,7.92,5.456,1.546,23.842,,,,,,,,2004
455,2017,Organic,K0,0-0-50,K,0,A9,1,19.5,8.58,5.715,1.462,18.05,,,,,,,,2004
456,2017,Organic,K0,0-0-50,K,0,A9,2,21,8.25,5.678,1.492,23.525,,,,,,,,2004
457,2014,Conventiol,K40,0-0-50,K,40,A9,1,,,,1.55,58.04,114,384,3.368,102,216,2.123,0.56,2004
458,2014,Conventiol,K40,0-0-50,K,40,A9,2,,,,1.7,37.9,134,527,3.933,106,236,2.222,0.45,2004
459,2015,Organic,K40,0-0-50,K,40,A9,1,,,,1.72,32.68,87,423,4.89,96,218,2.26,0.52,2004
460,2015,Organic,K40,0-0-50,K,40,A9,2,,,,1.74,29.38,74,309,4.15,52,116,2.229,0.38,2004
461,2016,Organic,K40,0-0-50,K,40,A9,1,22,7.92,5.297,1.6,38.992,,,,,,,,2004
462,2016,Organic,K40,0-0-50,K,40,A9,2,23,7.92,6.135,1.529,28.309,,,,,,,,2004
463,2017,Organic,K40,0-0-50,K,40,A9,1,23,8.36,5.912,1.587,23.156,,,,,,,,2004
464,2017,Organic,K40,0-0-50,K,40,A9,2,30,8.58,5.446,1.555,21.114,,,,,,,,2004
465,2014,Conventiol,K80,0-0-50,K,80,A9,1,,,,1.52,69.22,103,376,3.65,83,164,1.976,0.44,2004
466,2014,Conventiol,K80,0-0-50,K,80,A9,2,,,,1.56,46.39,158,606,3.835,116,290,2.506,0.48,2004
467,2015,Organic,K80,0-0-50,K,80,A9,1,,,,1.8,35.92,97,368,3.805,98,169,1.72,0.46,2004
468,2015,Organic,K80,0-0-50,K,80,A9,2,,,,1.62,24.09,88,407,4.63,114,203,1.781,0.5,2004
469,2016,Organic,K80,0-0-50,K,80,A9,1,24,7.7,5.954,1.632,43.755,,,,,,,,2004
470,2016,Organic,K80,0-0-50,K,80,A9,2,25.5,7.7,5.61,1.624,33.799,,,,,,,,2004
471,2017,Organic,K80,0-0-50,K,80,A9,1,24.5,8.36,5.894,1.454,22.914,,,,,,,,2004
472,2017,Organic,K80,0-0-50,K,80,A9,2,24,8.58,7.107,1.594,19.163,,,,,,,,2004
473,2014,Conventiol,K120,0-0-50,K,120,A9,1,,,,1.57,61.99,153,595,3.889,77,162,2.111,0.27,2004
474,2014,Conventiol,K120,0-0-50,K,120,A9,2,,,,1.41,42.21,96,325,3.385,136,330,2.435,,2004
475,2015,Organic,K120,0-0-50,K,120,A9,1,,,,1.75,24.93,98,488,4.95,141,277,1.969,0.57,2004
476,2015,Organic,K120,0-0-50,K,120,A9,2,,,,1.54,32.51,72,281,3.9,114,217,1.896,0.77,2004
477,2016,Organic,K120,0-0-50,K,120,A9,1,24.5,7.92,5.737,1.575,30.408,,,,,,,,2004
478,2016,Organic,K120,0-0-50,K,120,A9,2,32,7.26,5.204,1.277,17.088,,,,,,,,2004
479,2017,Organic,K120,0-0-50,K,120,A9,1,23,8.36,5.74,1.522,22.229,,,,,,,,2004
480,2017,Organic,K120,0-0-50,K,120,A9,2,29,8.36,5.909,1.272,18.015,,,,,,,,2004
481,2014,Conventiol,B0,0-0-0-21,B,0,A9,1,,,,1.58,60.51,75,241,3.213,88,212,2.409,0.88,2004
482,2014,Conventiol,B0,0-0-0-21,B,0,A9,2,,,,1.62,44.16,111,427,3.847,105,259,2.474,0.61,2004
483,2015,Organic,B0,0-0-0-21,B,0,A9,1,,,,1.55,28.83,78,362,4.64,99,199,2.012,0.55,2004
484,2015,Organic,B0,0-0-0-21,B,0,A9,2,,,,1.65,34.25,72,300,4.17,69,134,1.943,0.45,2004
485,2014,Conventiol,B1,0-0-0-21,B,1,A9,1,,,,1.54,74.14,112,331,2.955,77,148,1.928,0.45,2004
486,2014,Conventiol,B1,0-0-0-21,B,1,A9,2,,,,1.7,34.44,177,672,3.797,121,293,2.427,0.44,2004
487,2015,Organic,B1,0-0-0-21,B,1,A9,1,,,,1.83,31.66,85,436,5.15,69,173,2.506,0.4,2004
488,2015,Organic,B1,0-0-0-21,B,1,A9,2,,,,1.82,24.48,104,442,4.25,121,283,2.34,0.64,2004
489,2014,Conventiol,Cu0,CuSO4,Cu,0,A9,1,,,,1.52,52.23,76,265,3.487,93,196,2.108,0.74,2004
490,2014,Conventiol,Cu0,CuSO4,Cu,0,A9,2,,,,1.59,45.49,154,640,4.156,99,249,2.528,0.39,2004
491,2015,Organic,Cu0,CuSO4,Cu,0,A9,1,,,,1.81,22.31,63,486,7.7,134,184,1.371,0.38,2004
492,2015,Organic,Cu0,CuSO4,Cu,0,A9,2,,,,1.75,38.04,70,302,4.31,118,231,1.963,0.76,2004
493,2014,Conventiol,Cu2,CuSO4,Cu,2,A9,1,,,,1.52,55.21,112,400,3.571,94,204,2.182,0.51,2004
494,2014,Conventiol,Cu2,CuSO4,Cu,2,A9,2,,,,1.45,47.08,129,556,4.31,115,254,2.214,0.46,2004
495,2015,Organic,Cu2,CuSO4,Cu,2,A9,1,,,,1.72,39.88,105,512,4.89,126,249,1.971,0.49,2004
496,2015,Organic,Cu2,CuSO4,Cu,2,A9,2,,,,1.42,24.89,98,431,4.4,94,213,2.275,0.49,2004
497,2014,Conventiol,Mg0,0-0-0-11,Mg,0,A9,1,,,,1.52,60.53,98,299,3.051,103,207,2.02,0.69,2004
498,2014,Conventiol,Mg0,0-0-0-11,Mg,0,A9,2,,,,1.44,41.45,118,377,3.195,100,230,2.295,0.61,2004
499,2015,Organic,Mg0,0-0-0-11,Mg,0,A9,1,,,,1.64,24.14,85,415,4.88,95,218,2.299,0.53,2004
500,2015,Organic,Mg0,0-0-0-11,Mg,0,A9,2,,,,1.41,22.53,72,368,5.077,85,200,2.354,0.54,2004
501,2014,Conventiol,Mg12,0-0-0-11,Mg,12,A9,1,,,,1.56,59.3,85,287,3.376,66,125,1.901,0.43,2004
502,2014,Conventiol,Mg12,0-0-0-11,Mg,12,A9,2,,,,1.52,54.23,137,510,3.723,137,317,2.322,0.62,2004
503,2015,Organic,Mg12,0-0-0-11,Mg,12,A9,1,,,,1.7,39.03,123,679,5.52,85,162,1.909,0.24,2004
504,2015,Organic,Mg12,0-0-0-11,Mg,12,A9,2,,,,1.63,29.91,85,339,3.99,68,130,1.899,0.38,2004
505,2016,Organic,N0 6-1-1,6-1-1,N,0,A9,1,29.5,8.58,5.869,1.525,23.654,,,,,,,,2004
506,2016,Organic,N0 6-1-1,6-1-1,N,0,A9,2,50.5,8.03,5.374,1.205,6.539,,,,,,,,2004
507,2016,Organic,N15 6-1-1,6-1-1,N,15,A9,1,25,8.03,5.745,1.526,35.144,,,,,,,,2004
508,2016,Organic,N15 6-1-1,6-1-1,N,15,A9,2,38,8.58,5.84,1.632,26.748,,,,,,,,2004
509,2016,Organic,N30 6-1-1,6-1-1,N,30,A9,1,20.5,7.92,5.76,1.59,42.356,,,,,,,,2004
510,2016,Organic,N30 6-1-1,6-1-1,N,30,A9,2,32.5,8.03,5.61,1.676,26.937,,,,,,,,2004
511,2016,Organic,N45 6-1-1,6-1-1,N,45,A9,1,17,7.7,5.506,1.531,41.791,,,,,,,,2004
512,2016,Organic,N45 6-1-1,6-1-1,N,45,A9,2,21.5,7.7,5.013,1.331,28.363,,,,,,,,2004
513,2016,Organic,N60 6-1-1,6-1-1,N,60,A9,1,17,7.7,5.346,1.443,38.616,,,,,,,,2004
514,2016,Organic,N60 6-1-1,6-1-1,N,60,A9,2,17,7.48,5.544,1.5,39.53,,,,,,,,2004
515,2017,Organic,N0 6-1-1,6-1-1,N,0,A9,1,24,8.25,5.614,1.126,6.857,,,,,,,,2004
516,2017,Organic,N0 6-1-1,6-1-1,N,0,A9,2,28.5,9.02,5.479,1.089,5.665,,,,,,,,2004
517,2017,Organic,N15 6-1-1,6-1-1,N,15,A9,1,29,9.02,5.769,1.284,11.953,,,,,,,,2004
518,2017,Organic,N15 6-1-1,6-1-1,N,15,A9,2,28.5,8.8,6.006,1.244,14.561,,,,,,,,2004
519,2017,Organic,N30 6-1-1,6-1-1,N,30,A9,1,22,8.47,5.942,1.38,13.351,,,,,,,,2004
520,2017,Organic,N30 6-1-1,6-1-1,N,30,A9,2,26,8.58,5.987,1.52,18.235,,,,,,,,2004
521,2017,Organic,N45 6-1-1,6-1-1,N,45,A9,1,26.5,8.36,5.544,1.558,30.849,,,,,,,,2004
522,2017,Organic,N45 6-1-1,6-1-1,N,45,A9,2,36,8.58,6.794,1.35,22.86,,,,,,,,2004
523,2017,Organic,N60 6-1-1,6-1-1,N,60,A9,1,19.5,8.36,5.973,1.329,18.518,,,,,,,,2004
524,2017,Organic,N60 6-1-1,6-1-1,N,60,A9,2,21,7.92,5.382,1.405,30.458,,,,,,,,2004
525,2016,Organic,S0,0-0-0-90,S,0,A9,1,23.5,7.92,5.709,1.529,33.691,,,,,,,,2004
526,2016,Organic,S0,0-0-0-90,S,0,A9,2,22.5,8.14,4.983,1.485,30.489,,,,,,,,2004
527,2016,Organic,S250,0-0-0-90,S,250,A9,1,22,7.48,5.091,1.5,39.53,,,,,,,,2004
528,2016,Organic,S250,0-0-0-90,S,250,A9,2,27,7.7,5.688,1.619,31.269,,,,,,,,2004
529,2016,Organic,S500,0-0-0-90,S,500,A9,1,21,7.26,5.835,1.59,26.856,,,,,,,,2004
530,2016,Organic,S500,0-0-0-90,S,500,A9,2,24,7.92,5.7,1.61,34.633,,,,,,,,2004
531,2016,Organic,S1000,0-0-0-90,S,1000,A9,1,28.5,7.92,5.865,1.615,28.39,,,,,,,,2004
532,2016,Organic,S1000,0-0-0-90,S,1000,A9,2,24.5,8.36,5.201,1.579,31.727,,,,,,,,2004
533,2017,Organic,S0,0-0-0-90,S,0,A9,1,26,8.58,5.692,1.574,22.139,,,,,,,,2004
534,2017,Organic,S0,0-0-0-90,S,0,A9,2,23.5,8.58,5.279,1.344,24.547,,,,,,,,2004
535,2017,Organic,S250,0-0-0-90,S,250,A9,1,20,8.36,5.93,1.495,17.369,,,,,,,,2004
536,2017,Organic,S250,0-0-0-90,S,250,A9,2,36,8.8,6.157,1.407,29.192,,,,,,,,2004
537,2017,Organic,S500,0-0-0-90,S,500,A9,1,19.5,8.14,5.6,1.547,30.698,,,,,,,,2004
538,2017,Organic,S500,0-0-0-90,S,500,A9,2,23.5,8.36,5.609,1.597,22.955,,,,,,,,2004
539,2017,Organic,S1000,0-0-0-90,S,1000,A9,1,19.5,8.47,5.676,1.373,24.676,,,,,,,,2004
540,2017,Organic,S1000,0-0-0-90,S,1000,A9,2,28.5,9.02,5.375,1.515,20.784,,,,,,,,2004
